"Notes"	"State"	"State Code"	Deaths	Population	Crude Rate	Crude Rate Lower 95% Confidence Interval	Crude Rate Upper 95% Confidence Interval
	"Alabama"	"01"	3263	24826761	13.1	12.7	13.6
	"Alaska"	"02"	314	3666397	8.6	7.6	9.5
	"Arizona"	"04"	2550	36507277	7.0	6.7	7.3
	"Arkansas"	"05"	1585	15133679	10.5	10.0	11.0
	"California"	"06"	10850	196704524	5.5	5.4	5.6
	"Colorado"	"08"	1634	28914014	5.7	5.4	5.9
	"Connecticut"	"09"	657	17926760	3.7	3.4	3.9
	"Delaware"	"10"	363	4949524	7.3	6.6	8.1
	"District of Columbia"	"11"	885	3462873	25.6	23.9	27.2
	"Florida"	"12"	7117	108536325	6.6	6.4	6.7
	"Georgia"	"13"	5165	53559357	9.6	9.4	9.9
	"Hawaii"	"15"	202	7125118	2.8	2.4	3.2
	"Idaho"	"16"	200	9208142	2.2	1.9	2.5
	"Illinois"	"17"	6125	63253932	9.7	9.4	9.9
	"Indiana"	"18"	2736	33818072	8.1	7.8	8.4
	"Iowa"	"19"	451	15868372	2.8	2.6	3.1
	"Kansas"	"20"	833	14610356	5.7	5.3	6.1
	"Kentucky"	"21"	1668	22435030	7.4	7.1	7.8
	"Louisiana"	"22"	3926	23168378	16.9	16.4	17.5
	"Maine"	"23"	115	6790344	1.7	1.4	2.0
	"Maryland"	"24"	3135	30473989	10.3	9.9	10.6
	"Massachusetts"	"25"	829	34654923	2.4	2.2	2.6
	"Michigan"	"26"	3659	50034251	7.3	7.1	7.5
	"Minnesota"	"27"	913	28332727	3.2	3.0	3.4
	"Mississippi"	"28"	2624	14819487	17.7	17.0	18.4
	"Missouri"	"29"	3549	30761572	11.5	11.2	11.9
	"Montana"	"30"	249	5438798	4.6	4.0	5.1
	"Nebraska"	"31"	312	9732843	3.2	2.8	3.6
	"Nevada"	"32"	1116	15574570	7.2	6.7	7.6
	"New Hampshire"	"33"	113	6866667	1.6	1.3	1.9
	"New Jersey"	"34"	1701	45201910	3.8	3.6	3.9
	"New Mexico"	"35"	1257	10527797	11.9	11.3	12.6
	"New York"	"36"	3857	97845610	3.9	3.8	4.1
	"North Carolina"	"37"	4183	52722662	7.9	7.7	8.2
	"North Dakota"	"38"	123	3841657	3.2	2.6	3.8
	"Ohio"	"39"	4437	58607834	7.6	7.3	7.8
	"Oklahoma"	"40"	1599	19887272	8.0	7.6	8.4
	"Oregon"	"41"	801	21136249	3.8	3.5	4.1
	"Pennsylvania"	"42"	4666	64328367	7.3	7.0	7.5
	"Rhode Island"	"44"	130	5363145	2.4	2.0	2.8
	"South Carolina"	"45"	2881	25924220	11.1	10.7	11.5
	"South Dakota"	"46"	214	4464811	4.8	4.2	5.4
	"Tennessee"	"47"	3501	34512575	10.1	9.8	10.5
	"Texas"	"48"	10118	146615998	6.9	6.8	7.0
	"Utah"	"49"	407	16335717	2.5	2.2	2.7
	"Vermont"	"50"	67	3166269	2.1	1.6	2.7
	"Virginia"	"51"	2651	42969660	6.2	5.9	6.4
	"Washington"	"53"	1608	38368574	4.2	4.0	4.4
	"West Virginia"	"54"	522	8940881	5.8	5.3	6.3
	"Wisconsin"	"55"	1439	29257104	4.9	4.7	5.2
	"Wyoming"	"56"	105	2899008	3.6	2.9	4.3
"Total"			113405	1650072382	6.9	6.8	6.9
"---"
"Dataset: Underlying Cause of Death, 2018-2024, Single Race"
"Query Parameters:"
"ICD-10 Codes: X85-Y09 (Assault); Y87.1 (Sequelae of assault)"
"Year/Month: 2018; 2019; 2020; 2021; 2022"
"Group By: State"
"Show Totals: True"
"Show Zero Values: False"
"Show Suppressed: False"
"Calculate Rates Per: 100,000"
"Rate Options: Default intercensal populations for years 2001-2009 (except Infant Age Groups)"
"---"
"Help: See http://wonder.cdc.gov/wonder/help/ucd-expanded.html for more information."
"---"
"Query Date: Oct 1, 2026 9:43:05 PM"
"---"
"Suggested Citation: Centers for Disease Control and Prevention, National Center for Health Statistics. National Vital Statistics"
"System, Mortality 2018-2024 on CDC WONDER Online Database, released in 2026. Data are from the Multiple Cause of Death Files,"
"2018-2024, as compiled from data provided by the 57 vital statistics jurisdictions through the Vital Statistics Cooperative"
"Program. Accessed at http://wonder.cdc.gov/ucd-icd10-expanded.html on Oct 1, 2026 9:43:05 PM"
"---"
Caveats:
"1. The method used to calculate 95% confidence intervals is documented here: More information:"
"http://wonder.cdc.gov/wonder/help/ucd-expanded.html#Confidence-Intervals."
"2. The population figures for year 2024 are single-race estimates of the July 1 resident population, from the Vintage 2024"
"postcensal series released by the Census Bureau on June 27, 2024. The 2024 series is based on the Modified Blended Base produced"
"by the US Census Bureau in lieu of the April 1, 2020 decennial population count. The Modified Blended Base consists of the blend"
"of Vintage 2020 postcensal population estimates for April 1, 2020, 2020 Demographic Analysis Estimates, and 2020 Census data"
"from the internal Census Edited File (CEF). The population figures for year 2023 are single-race estimates of the July 1"
"resident population, from the Vintage 2023 postcensal series released by the Census Bureau on June 27, 2024. The 2023 series is"
"based on the Modified Blended Base produced by the US Census Bureau in lieu of the April 1, 2020 decennial population count. The"
"Modified Blended Base consists of the blend of Vintage 2020 postcensal population estimates for April 1, 2020, 2020 Demographic"
"Analysis Estimates, and 2020 Census data from the internal Census Edited File (CEF). The population figures for years 2022 are"
"single-race estimates of the July 1 resident population, from the Vintage 2022 postcensal series released by the Census Bureau"
"on June 22, 2023. The 2022 series is based on the Modified Blended Base produced by the US Census Bureau in lieu of the April 1,"
"2020 decennial population count. The Modified Blended Base consists of the blend of Vintage 2020 postcensal population estimates"
"for April 1, 2020, 2020 Demographic Analysis Estimates, and 2020 Census data from the internal Census Edited File (CEF). The"
"population figures for years 2021 are single-race estimates of the July 1 resident population, based on the Blended Base"
"produced by the US Census Bureau in lieu of the April 1, 2020 decennial population count, from the Vintage 2021 postcensal"
"series released by the Census Bureau on June 30, 2022. The population figures for year 2020 are single-race estimates of the"
"July 1 resident population, from the Vintage 2020 postcensal series based on April 2010 Census, released by the Census Bureau on"
"July 27, 2021. The population figures for year 2019 are single-race estimates of the July 1 resident population, from the"
"Vintage 2019 postcensal series based on April 2010 Census, released by the Census Bureau on June 25, 2020. The population"
"figures for year 2018 are single-race estimates of the July 1 resident population, from the Vintage 2018 postcensal series based"
"on April 2010 Census, released by the Census Bureau on June 20, 2019. More information:"
"http://wonder.cdc.gov/wonder/help/ucd-expanded.html#Population Data."
"3. The population figures used in the calculation of death rates for the age group 'under 1 year' are the estimates of the"
"resident population that is under one year of age. More information: http://wonder.cdc.gov/wonder/help/ucd-expanded.html#Age"
"Group."
"4. On March 11, 2021, the 2019 mortality data on CDC WONDER was updated with the 2019 mortality data updated by NCHS on March 4,"
"2021 to include corrected information for residents of Texas affecting 5 records previously coded to cause code *U01.4,"
"Terrorism involving firearms (homicide). The underlying and multiple cause of death codes for 5 records were corrected in the"
"2019 data. Underlying and multiple cause of death codes for those 5 records were recoded to Assault (homicide) by other and"
"unspecified firearm discharge, ICD-10 code X95. The corrected final death records replaces the data released on December 22,"
"2020."
"5. Connecticut population estimates for 2022 and later years are reported for 9 planning regions as county equivalent areas,"
"instead of the former 8 legacy counties in the Vintage 2022 postcensal series released by the Census Bureau on June 22, 2023,"
"and in the Vintage 2023 postcensal series released by the Census Bureau on June 27, 2024. Populations estimates for the former"
"counties are not available for 2022 and later years. More information:"
"http://wonder.cdc.gov/wonder/help/ucd-expanded.html#Connecticut-2022."
"6. After the creation of the final 2023 dataset, North Carolina updated the cause of death information for over 900 death"
"certificates to include a cause of death code indicating drug overdose (ICD-10 underlying cause-of-death codes: X40-X44,"
"X60-X64, X85, and Y10-Y14). Jurisdictions can continue to update death certificates after the closing of the mortality file. As"
"a result, users should consider that the actual death count for drug overdose deaths for North Carolina in 2023 is over 4,400"
"deaths, with a crude rate of approximately 41.0 per 100,000 population, and an age-adjusted rate of approximately 42.1 per"
"100,000 population. These deaths will not be updated on the final mortality datasets."
"7. Changes to cause of death classification affect reporting trends. More information:"
"http://wonder.cdc.gov/wonder/help/ucd-expanded.html#ICD-10 Changes."