"state","deaths","population","homicide_rate"
"Alabama",3263,24826761,13.1
"Alaska",314,3666397,8.6
"Arizona",2550,36507277,7
"Arkansas",1585,15133679,10.5
"California",10850,196704524,5.5
"Colorado",1634,28914014,5.7
"Connecticut",657,17926760,3.7
"Delaware",363,4949524,7.3
"District of Columbia",885,3462873,25.6
"Florida",7117,108536325,6.6
"Georgia",5165,53559357,9.6
"Hawaii",202,7125118,2.8
"Idaho",200,9208142,2.2
"Illinois",6125,63253932,9.7
"Indiana",2736,33818072,8.1
"Iowa",451,15868372,2.8
"Kansas",833,14610356,5.7
"Kentucky",1668,22435030,7.4
"Louisiana",3926,23168378,16.9
"Maine",115,6790344,1.7
"Maryland",3135,30473989,10.3
"Massachusetts",829,34654923,2.4
"Michigan",3659,50034251,7.3
"Minnesota",913,28332727,3.2
"Mississippi",2624,14819487,17.7
"Missouri",3549,30761572,11.5
"Montana",249,5438798,4.6
"Nebraska",312,9732843,3.2
"Nevada",1116,15574570,7.2
"New Hampshire",113,6866667,1.6
"New Jersey",1701,45201910,3.8
"New Mexico",1257,10527797,11.9
"New York",3857,97845610,3.9
"North Carolina",4183,52722662,7.9
"North Dakota",123,3841657,3.2
"Ohio",4437,58607834,7.6
"Oklahoma",1599,19887272,8
"Oregon",801,21136249,3.8
"Pennsylvania",4666,64328367,7.3
"Rhode Island",130,5363145,2.4
"South Carolina",2881,25924220,11.1
"South Dakota",214,4464811,4.8
"Tennessee",3501,34512575,10.1
"Texas",10118,146615998,6.9
"Utah",407,16335717,2.5
"Vermont",67,3166269,2.1
"Virginia",2651,42969660,6.2
"Washington",1608,38368574,4.2
"West Virginia",522,8940881,5.8
"Wisconsin",1439,29257104,4.9
"Wyoming",105,2899008,3.6
