"country","iso3c","n_years_homicide","n_years_gini","homicide_rate","gdp_pc","gini","population","gini_fallback","gini_fallback_year","gini_filled"
"Austria","AUT",5,5,0.455213674,62153.989232089,30.48,8926990.6,30.9,2022,FALSE
"Belgium","BEL",4,5,0.79119528,58969.4858103733,26.68,11544208.6,26.4,2022,FALSE
"Bulgaria","BGR",5,5,0.984520544,29078.8961603902,39.86,6570123.6,38.2,2022,FALSE
"Croatia","HRV",4,5,0.775373725,34700.5419364518,29.4,3917398.6,30,2022,FALSE
"Cyprus","CYP",5,5,1.411691854,46146.84609375,31.68,1301666.8,31.5,2022,FALSE
"Czechia","CZE",5,5,0.607781956,46566.9364514302,25.72,10635509.2,25.9,2022,FALSE
"Denmark","DNK",5,5,0.573652034,65678.5998989034,28.2,5839846.4,29.3,2022,FALSE
"Estonia","EST",5,5,2.17400804,42131.3507160854,31.18,1331633.8,32.3,2022,FALSE
"Finland","FIN",5,5,1.2219059,54748.9765063263,27.54,5532759.4,27.9,2022,FALSE
"France","FRA",5,5,0.671219782,51304.5459962444,31.4,67633757.4,31.2,2022,FALSE
"Germany","DEU",3,5,0.415382216666667,61327.3165269072,32.78,83106701.2,33.7,2022,FALSE
"Greece","GRC",5,5,0.87601404,32845.7134476104,33.18,10632199.6,33.4,2022,FALSE
"Hungary","HUN",5,0,0.899711022,37317.7404431065,30.6,9661642.6,30.6,2017,TRUE
"Ireland","IRL",5,5,0.22548929,106251.283292937,29.88,5047529.2,29.9,2022,FALSE
"Italy","ITA",5,5,0.438316,48353.444845573,34.7,59438398.6,33.7,2022,FALSE
"Latvia","LVA",5,5,3.41726012,34443.3596946823,34.66,1901063.6,33.7,2022,FALSE
"Lithuania","LTU",5,5,2.1748108,42973.8415304009,36.06,2816135.4,36.6,2022,FALSE
"Luxembourg","LUX",5,5,0.720740898,128753.696473188,33.96,630307.4,34.1,2022,FALSE
"Malta","MLT",5,5,1.044576528,53397.9800779267,31.46,510513.6,34.6,2022,FALSE
"Netherlands","NLD",5,4,0.636099816,66193.0139498817,27.25,17450404.8,25.7,2021,FALSE
"Poland","POL",5,5,0.57612777,38630.7819549487,28.98,37451856.2,28.9,2022,FALSE
"Portugal","PRT",3,5,0.87480982,38527.3510921169,34.38,10332665.8,36.3,2022,FALSE
"Romania","ROU",4,5,1.3671125,35303.0561132537,34.28,19256285.8,32.3,2022,FALSE
"Slovakia","SVK",5,5,0.517780214,36136.6299410901,24.12,5447748.8,24.1,2022,FALSE
"Slovenia","SVN",5,5,0.68345716,44201.1034060634,24.32,2096970.6,24.3,2022,FALSE
"Spain","ESP",5,5,0.611812404,44023.9903073767,34.28,47297971.8,33.6,2022,FALSE
"Sweden","SWE",5,5,1.065370252,59195.3367717904,29.92,10342059,31.6,2022,FALSE
"United Kingdom","GBR",4,4,0.429517815,51791.3960346234,32.9,66853800,32.4,2021,FALSE
"United States","USA",5,5,6.84785038,68403.7682865468,41.02,331286075.6,41.7,2022,FALSE
