"year","n_countries","homicides","population","homicide_rate"
2000,28,7066.42573781511,488231676,1.44735093710206
2001,27,6478.78775521591,488064853,1.32744403031535
2002,27,6400.03540484554,489313151,1.30796308902917
2003,27,6273.21444984545,491160903,1.27722186589543
2004,27,6005.78532708872,483697292,1.24164129640997
2005,27,5341.07213591808,485687015,1.09969424155144
2006,26,4969.22257761282,482215281,1.0304987779126
2007,27,4913.12915150239,494743844,0.99306524196032
2008,28,4989.97393351666,502077714,0.993864852865518
2009,28,4739.70401681835,503664843,0.941043251815443
2010,28,4467.98683820413,504854675,0.885004548725656
2011,27,4291.21046573439,499274504,0.859489205107575
2012,28,4175.97648741905,505780839,0.825649404923197
2013,28,3998.34002131667,506563741,0.789306398721631
2014,28,3606.08885565682,507539819,0.710503633539897
2015,27,3489.26332018881,503456417,0.693061643941428
2016,28,3233.54051097546,510282652,0.633676355310519
2017,28,3353.37612578826,511285060,0.655872112865622
2018,28,3377.40243898738,512345453,0.659204140333686
2019,28,3267.19627038227,513538453,0.636212585697505
2020,27,3082.68620807307,503313878,0.612477887620073
