"country","iso3c","year","population","gdp_pc","gini","homicide_rate","homicides"
"Austria","AUT",2000,8011566,29220.9853040358,29,0.93614656,74.9999995111296
"Austria","AUT",2001,8042293,29553.2333509767,NA,0.9574384,77.000001422512
"Austria","AUT",2002,8081957,30952.1708232398,NA,0.8537363,68.998600659391
"Austria","AUT",2003,8121423,31958.8592412083,29.5,0.57894284,47.0183969646132
"Austria","AUT",2004,8171966,33518.5160023521,29.8,0.74668515,61.018856585049
"Austria","AUT",2005,8227829,34776.6699535218,28.7,0.81456214,67.0207799779406
"Austria","AUT",2006,8268641,37388.0795380765,29.6,0.8103583,67.005618640703
"Austria","AUT",2007,8295487,39192.372452379,30.6,0.6268694,52.001869583978
"Austria","AUT",2008,8321496,41046.7900352112,30.4,0.57681626,47.9997420032496
"Austria","AUT",2009,8343323,40686.6736355681,31.5,0.69532,58.0127934836
"Austria","AUT",2010,8363404,41735.4574798744,30.3,0.53820866,45.0125645987864
"Austria","AUT",2011,8391643,44171.5618687028,30.8,0.54836756,46.0170479630108
"Austria","AUT",2012,8429991,46156.4832073037,30.5,0.42723322,36.0157219950102
"Austria","AUT",2013,8479823,47519.8522796571,30.8,0.43646333,37.0113178439059
"Austria","AUT",2014,8546356,48355.4977624407,30.5,0.44476008,38.0107797826848
"Austria","AUT",2015,8642699,49549.3162311441,30.5,0.57940656,50.0763649670544
"Austria","AUT",2016,8736668,52397.8635176674,30.8,0.49200177,42.9845611990236
"Austria","AUT",2017,8797566,53869.8321183556,29.7,0.5230201,46.013038490766
"Austria","AUT",2018,8840521,56636.4953030542,30.8,0.57707274,51.0162367649754
"Austria","AUT",2019,8879920,60354.9279422121,30.2,0.5181559,46.01182939528
"Austria","AUT",2020,8916864,58523.0337816246,29.8,0.4261597,38.000080871808
"Austria","AUT",2021,8955797,62968.8538770186,30.7,0.36865246,33.0157659531062
"Austria","AUT",2022,9041851,72286.6352565355,30.9,0.38602757,34.9040376983207
"Austria","AUT",2023,9131761,74261.1961105071,31.2,0.61665994,56.3119119035434
"Belgium","BEL",2000,10251250,27794.0511630862,33.1,1.6875991,173.00000273875
"Belgium","BEL",2001,10286570,28793.5142643594,NA,1.8665113,191.99999143241
"Belgium","BEL",2002,10332785,30282.2886450283,NA,1.9162307,197.999998334995
"Belgium","BEL",2003,10376133,30930.6283334744,28.1,1.3878003,144.000004902399
"Belgium","BEL",2004,10421137,32059.6878637798,30.5,1.708067,178.00000212179
"Belgium","BEL",2005,10478617,33177.8909458158,29.3,1.5555488,163.000001000096
"Belgium","BEL",2006,10547958,35251.4450697593,28.1,1.3841541,145.999993123278
"Belgium","BEL",2007,10625700,36798.1918857259,29.2,1.4775496,156.9999878472
"Belgium","BEL",2008,10709973,37883.3319417819,28.4,1.1951478,128.000006690094
"Belgium","BEL",2009,10796493,37905.658312629,28.6,1.2411438,134.000003486934
"Belgium","BEL",2010,10895586,39839.9772772918,28.4,1.0793452,117.600984502872
"Belgium","BEL",2011,11038264,41244.8495035213,28.1,1.3271958,146.499376200912
"Belgium","BEL",2012,11106932,42483.5250666788,27.5,1.1717148,130.141566069936
"Belgium","BEL",2013,11159407,43864.1204196838,27.7,0.98403746,109.812745193862
"Belgium","BEL",2014,11209057,45147.6429534057,28.1,1.0153837,113.814937701709
"Belgium","BEL",2015,11274196,46071.914889496,27.7,1.0562911,119.088328944556
"Belgium","BEL",2016,11331422,48414.5518065681,27.6,1.1011025,124.77057092755
"Belgium","BEL",2017,11375158,50256.0631772784,27.4,0.98460084,111.999901219327
"Belgium","BEL",2018,11427054,52466.7330784599,27.2,0.96262664,109.999865971186
"Belgium","BEL",2019,11488980,56712.469571978,27.2,0.82687855,94.99991123379
"Belgium","BEL",2020,11538604,56120.0958420466,26,0.7193236,82.999901682544
"Belgium","BEL",2021,11586195,60669.2137746534,26.6,0.65595233,75.9999160608435
"Belgium","BEL",2022,11680210,68878.9167847285,26.4,NA,NA
"Belgium","BEL",2023,11779946,72629.6179311762,26.8,NA,NA
"Bulgaria","BGR",2000,8170172,6424.18073656561,NA,3.549497,290.00001003484
"Bulgaria","BGR",2001,8009142,6960.28122943009,32.7,3.0834162,246.955181909004
"Bulgaria","BGR",2002,7837161,7786.44622722748,NA,2.8593578,224.092474352058
"Bulgaria","BGR",2003,7775327,8416.36583467588,28.9,2.7992382,217.649923558914
"Bulgaria","BGR",2004,7716860,9200.52324783377,NA,2.8530447,220.16546523642
"Bulgaria","BGR",2005,7658972,10291.425046769,NA,2.3772917,182.076105661324
"Bulgaria","BGR",2006,7601022,11405.6124506198,35.7,1.8703679,142.167075559938
"Bulgaria","BGR",2007,7545338,12821.8132298505,36.1,1.8930087,142.833904784406
"Bulgaria","BGR",2008,7492561,14346.9225493653,33.6,1.6921594,126.786075262234
"Bulgaria","BGR",2009,7444443,14188.1172172749,33.8,1.9775532,147.217820768676
"Bulgaria","BGR",2010,7395599,14954.2908464673,35.7,1.4998097,110.919911175103
"Bulgaria","BGR",2011,7348328,15747.3599553305,34.3,1.3079746,96.114263764688
"Bulgaria","BGR",2012,7305888,16327.2363246359,36,1.5056349,109.999999482912
"Bulgaria","BGR",2013,7160005,16893.7939132873,36.6,1.2525611,89.683437388055
"Bulgaria","BGR",2014,7073572,17990.7860607342,37.4,1.3566009,95.960141414148
"Bulgaria","BGR",2015,6984225,18896.1145714262,38.6,1.407079,98.27356328775
"Bulgaria","BGR",2016,6894139,20745.9250164072,40.6,1.0943034,75.442797477726
"Bulgaria","BGR",2017,6803468,22317.2366242463,40.4,1.2012527,81.726843043636
"Bulgaria","BGR",2018,6710798,23997.7941525242,41.3,1.2099581,81.197843975638
"Bulgaria","BGR",2019,6616726,26765.556194772,40.3,1.0178102,67.345712134052
"Bulgaria","BGR",2020,6550696,27351.8659900682,40.5,0.74992627,49.1253901718392
"Bulgaria","BGR",2021,6507301,30958.9830238332,39,1.0323155,67.175876854655
"Bulgaria","BGR",2022,6465097,36320.2814407535,38.2,0.91259265,59.0000000373705
"Bulgaria","BGR",2023,6446596,38829.297423161,39.5,NA,NA
"Croatia","HRV",2000,4468302,10674.4181187112,31.3,2.5790844,115.241279826888
"Croatia","HRV",2001,4299642,11653.0274945787,31.1,1.9605811,84.297968419662
"Croatia","HRV",2002,4302174,12774.6551389152,NA,1.5079222,64.873436828628
"Croatia","HRV",2003,4303399,13691.2872092509,NA,1.6209645,69.756570083355
"Croatia","HRV",2004,4304600,14686.1082157283,29.7,1.8470964,79.5101116344
"Croatia","HRV",2005,4310145,15450.6908485826,NA,1.3282467,57.249358727715
"Croatia","HRV",2006,4311159,17628.7718376804,NA,1.8243153,78.649133244327
"Croatia","HRV",2007,4310217,19567.4938073523,NA,1.5329187,66.072122403579
"Croatia","HRV",2008,4309705,21018.1356310998,33.7,1.7589325,75.804801899125
"Croatia","HRV",2009,4305181,20358.153970121,32.6,1.3095276,56.377533424956
"Croatia","HRV",2010,4295427,20139.3171606116,32.4,1.335512,57.36594303624
"Croatia","HRV",2011,4280622,21190.7772144927,32.3,1.1356441,48.612631186302
"Croatia","HRV",2012,4260368,21618.4587267283,32.5,1.2419281,52.910707355408
"Croatia","HRV",2013,4233922,22430.1102453055,32,1.104404,46.75960392488
"Croatia","HRV",2014,4201598,22706.2761364179,32.1,0.89656705,37.670143241459
"Croatia","HRV",2015,4151725,23749.8280957224,31.1,0.8801971,36.543363049975
"Croatia","HRV",2016,4106867,25802.8242312486,30.9,1.2217474,50.175540793958
"Croatia","HRV",2017,4041407,27887.4600052514,30.4,1.2365042,49.972167294094
"Croatia","HRV",2018,3988775,29789.4340021154,29.7,0.5774221,23.032068369275
"Croatia","HRV",2019,3949390,33063.9987060793,28.9,0.7871589,31.08797488071
"Croatia","HRV",2020,3914206,31594.0082486835,29.5,0.9635149,37.713958026694
"Croatia","HRV",2021,3878981,36930.076102199,28.9,0.773399,30.00000026419
"Croatia","HRV",2022,3855641,42125.1926231817,30,NA,NA
"Croatia","HRV",2023,3859686,47759.6272293173,30.1,NA,NA
"Cyprus","CYP",2000,947667,21295.8984375,NA,0.5300597,5.023200857199
"Cyprus","CYP",2001,964127,22866.158203125,NA,NA,NA
"Cyprus","CYP",2002,981440,23556.40625,NA,NA,NA
"Cyprus","CYP",2003,999590,24277.921875,NA,NA,NA
"Cyprus","CYP",2004,1017875,25942.115234375,30.1,1.3658422,13.90256629325
"Cyprus","CYP",2005,1036151,27763.15234375,30.3,1.8846691,19.528017726341
"Cyprus","CYP",2006,1054418,30008.787109375,31.1,1.8536515,19.54523507327
"Cyprus","CYP",2007,1072714,32887.8046875,31.1,1.4254465,15.29096416801
"Cyprus","CYP",2008,1091026,34830.296875,31.7,1.1375846,12.411343757996
"Cyprus","CYP",2009,1109371,33901.37890625,32.1,2.0914145,23.201545952795
"Cyprus","CYP",2010,1127816,33502.24609375,31.5,0.47935537,5.4062465597192
"Cyprus","CYP",2011,1146493,33406,32.6,2.5913937,29.710147372941
"Cyprus","CYP",2012,1165397,31923.90234375,34.3,2.1992216,25.629662549752
"Cyprus","CYP",2013,1183895,30415.8359375,37,1.3922244,16.48247506038
"Cyprus","CYP",2014,1201801,29892.75,35.6,1.0548943,12.677730246343
"Cyprus","CYP",2015,1219502,31380.220703125,34,1.5418975,18.80347085045
"Cyprus","CYP",2016,1237112,35247.0390625,32.9,1.1767018,14.557119172016
"Cyprus","CYP",2017,1254275,37768.08984375,31.4,1.0413822,13.06179658905
"Cyprus","CYP",2018,1270737,40262.48828125,32.7,1.5983578,20.310923956986
"Cyprus","CYP",2019,1286671,44393.72265625,31.2,1.5898576,20.456236680496
"Cyprus","CYP",2020,1302247,42569.06640625,31.7,1.5624878,20.347450500866
"Cyprus","CYP",2021,1317309,47632.5703125,31.3,1.5474658,20.384906255322
"Cyprus","CYP",2022,1331370,55876.3828125,31.5,0.76029027,10.122276567699
"Cyprus","CYP",2023,1344976,59874.734375,31.8,NA,NA
"Czechia","CZE",2000,10255063,16332.2910408629,NA,1.4991478,153.738551353114
"Czechia","CZE",2001,10216605,17709.4523103293,NA,1.3122745,134.069902180725
"Czechia","CZE",2002,10196916,18344.0329427938,26.6,1.3136258,133.949319380328
"Czechia","CZE",2003,10193998,19604.0917215381,NA,1.3625245,138.89572027951
"Czechia","CZE",2004,10197101,20988.1204818834,27.5,1.2148618,123.880684756418
"Czechia","CZE",2005,10211216,22114.8363085202,26.9,0.9380412,95.785413100992
"Czechia","CZE",2006,10238905,23914.1862443811,26.7,1.0324696,105.71358149788
"Czechia","CZE",2007,10298828,26267.6071527112,26,1.0559264,108.748043742592
"Czechia","CZE",2008,10384603,27937.841568102,26.3,0.75745285,78.6584713846855
"Czechia","CZE",2009,10443936,27713.2434564605,26.2,0.8673695,90.58751546352
"Czechia","CZE",2010,10474410,28153.8518610007,26.6,0.8272127,86.64564977007
"Czechia","CZE",2011,10496088,29237.1870959847,26.4,0.83836097,87.9951051688536
"Czechia","CZE",2012,10510785,29465.6074011894,26.1,0.8754163,92.013125147955
"Czechia","CZE",2013,10514272,31013.0082933831,26.5,0.8752969,92.031096873568
"Czechia","CZE",2014,10525347,32743.489773169,25.9,0.7506093,79.004233439271
"Czechia","CZE",2015,10546059,34093.0280593748,25.9,0.84416664,89.0263119127176
"Czechia","CZE",2016,10566332,36445.0485732064,25.4,0.50164294,53.0052584949608
"Czechia","CZE",2017,10594438,39346.030564257,24.9,0.62325734,66.0306124667492
"Czechia","CZE",2018,10629928,41638.1831076596,25,0.5269879,56.018434338712
"Czechia","CZE",2019,10671870,45614.0171132532,25.3,0.7310679,78.01861589973
"Czechia","CZE",2020,10697858,44839.4822099455,26.2,0.5981222,63.986263622476
"Czechia","CZE",2021,10505772,47796.0337408466,26.2,0.48567498,51.0239060598456
"Czechia","CZE",2022,10672118,52946.9660854462,25.9,0.6970568,74.390724223024
"Czechia","CZE",2023,10864042,56062.3957561294,25.7,0.5883412,63.917635071304
"Denmark","DNK",2000,5339616,28647.8282830783,23.8,1.255306,67.02852002496
"Denmark","DNK",2001,5358783,29458.9882141098,NA,0.9150187,49.033866542421
"Denmark","DNK",2002,5375931,30666.5967674022,NA,0.9303615,50.015592290565
"Denmark","DNK",2003,5390574,30864.1123687371,25.6,1.1323191,61.038499001634
"Denmark","DNK",2004,5404523,33015.5515892493,24.9,0.6480069,35.021681952087
"Denmark","DNK",2005,5419432,34238.3218147437,25.2,1.0155138,55.035079841616
"Denmark","DNK",2006,5437272,37392.3211413889,25.9,0.6624263,36.017919730536
"Denmark","DNK",2007,5461438,39110.0956365756,26.2,0.8428899,46.033909296762
"Denmark","DNK",2008,5493621,41467.3861879777,25.2,0.8016,44.036865936
"Denmark","DNK",2009,5523095,40524.3123510224,26.7,0.7790644,43.02846692318
"Denmark","DNK",2010,5547683,43037.5989192487,27.2,0.7576005,42.029274146415
"Denmark","DNK",2011,5570572,44443.7163844726,27.3,0.7724288,43.028702452736
"Denmark","DNK",2012,5591572,44755.1624273018,27.8,0.32217157,18.0144553000804
"Denmark","DNK",2013,5614932,46869.1932887749,28.5,0.35658354,20.0219232941928
"Denmark","DNK",2014,5643475,47879.5955558233,28.4,0.6737924,38.0253056459
"Denmark","DNK",2015,5683483,48897.2099776611,28.2,0.58115494,33.0298422185602
"Denmark","DNK",2016,5728010,51820.9521305491,28.2,0.6988461,40.02997449261
"Denmark","DNK",2017,5764980,55271.5976002659,28.7,0.7986312,46.04092895376
"Denmark","DNK",2018,5793636,57233.6231685618,28.2,0.50095725,29.02363958061
"Denmark","DNK",2019,5814422,60594.966400191,27.7,0.6192497,36.005790791734
"Denmark","DNK",2020,5831404,62682.2899474389,27.5,0.6352283,37.042728495332
"Denmark","DNK",2021,5856733,69327.998216527,28.3,0.44443876,26.0295915217108
"Denmark","DNK",2022,5903037,78554.1217617983,29.3,0.66838616,39.4550823276792
"Denmark","DNK",2023,5946952,77425.3867230346,29.9,NA,NA
"Estonia","EST",2000,1396985,9424.5071547444,35.8,13.6007185,189.999997337225
"Estonia","EST",2001,1388115,10308.8990965341,36,14.912309,206.99999807535
"Estonia","EST",2002,1379350,11666.6649638489,35.8,11.527168,158.999991808
"Estonia","EST",2003,1370720,13135.0419683127,37.2,10.797245,147.999996664
"Estonia","EST",2004,1362550,14538.0273203932,33.6,7.9997063,108.99999819065
"Estonia","EST",2005,1354775,16638.0779749397,33.4,9.078999,123.00000870225
"Estonia","EST",2006,1346810,19344.2638980902,33.7,7.350703,99.0000030743
"Estonia","EST",2007,1340680,22200.5486407425,31.2,7.0859566,95.00000294488
"Estonia","EST",2008,1337090,22803.5194742273,31.9,6.8058248,91.00000281832
"Estonia","EST",2009,1334515,20488.94990724,31.4,6.0696206,80.99999735009
"Estonia","EST",2010,1331475,21614.3068307361,32,4.65649,62.0000002275
"Estonia","EST",2011,1327439,24652.3610297918,32.5,4.896647,65.00000197033
"Estonia","EST",2012,1322696,26242.5282659014,32.9,4.8897843,64.676981344728
"Estonia","EST",2013,1317997,27831.1526234213,35.1,3.9453807,51.999999264579
"Estonia","EST",2014,1314545,29403.6584494815,34.6,3.1950219,42.000000635355
"Estonia","EST",2015,1315407,29712.6299473728,32.7,3.1948688,42.025527836016
"Estonia","EST",2016,1315790,31947.7769107437,31.2,2.432,32.0000128
"Estonia","EST",2017,1317384,34506.6486942506,30.4,2.1979854,28.955907981936
"Estonia","EST",2018,1321977,37120.9879761677,30.3,2.1165302,27.980042442054
"Estonia","EST",2019,1326898,40586.3784378888,30.8,1.9613049,26.024515492002
"Estonia","EST",2020,1329522,40672.1340402132,30.7,3.1661434,42.094573054548
"Estonia","EST",2021,1330932,44247.4198971873,31.8,2.0374513,27.117091336116
"Estonia","EST",2022,1348840,48029.83322897,32.3,1.5886104,21.42781251936
"Estonia","EST",2023,1370286,48848.1421016254,30.7,NA,NA
"Finland","FIN",2000,5176209,26782.8574259016,27.2,2.685363,139.00000128867
"Finland","FIN",2001,5188008,27798.0582735421,NA,2.968384,153.99999939072
"Finland","FIN",2002,5200598,28596.2606345457,NA,2.5573976,132.999968437648
"Finland","FIN",2003,5213014,29042.698985165,27.7,1.8990933,98.999999602062
"Finland","FIN",2004,5228172,31195.1243346394,27.9,2.4865286,129.999992037192
"Finland","FIN",2005,5246096,32047.7069315564,27.6,2.0014884,105.000002892864
"Finland","FIN",2006,5266268,34440.3771039162,28,2.0317993,106.999996360124
"Finland","FIN",2007,5288720,37842.9164695203,28.3,2.1933475,116.000007902
"Finland","FIN",2008,5313399,40081.2212482066,27.8,2.239621,118.99999981779
"Finland","FIN",2009,5338871,37988.4498659536,27.5,2.060361,110.00001592431
"Finland","FIN",2010,5363352,38946.228265358,27.7,1.9017957,101.999997711864
"Finland","FIN",2011,5388272,40845.9566729849,27.6,1.8373238,99.000003864736
"Finland","FIN",2012,5413971,40739.1131809421,27.1,1.3483634,73.000003450614
"Finland","FIN",2013,5438972,41325.8052072321,27.2,1.4340945,77.99999830854
"Finland","FIN",2014,5461512,41547.0984485393,26.8,1.428176,78.00000362112
"Finland","FIN",2015,5479531,42257.8593791297,27.1,1.2771108,69.979682190348
"Finland","FIN",2016,5495303,44562.4011072067,27.1,1.1464337,63.000005509111
"Finland","FIN",2017,5508214,47234.8528600939,27.4,1.1074371,61.000005383394
"Finland","FIN",2018,5515525,49248.6775395866,27.3,1.2328836,68.0000031789
"Finland","FIN",2019,5521606,52276.1115723992,27.7,1.1771939,65.000009014034
"Finland","FIN",2020,5529543,53296.5792798852,27.1,1.3563509,75.000006246387
"Finland","FIN",2021,5541017,56790.3766177692,27.7,1.2272116,68.000003381972
"Finland","FIN",2022,5556106,62133.1375219912,27.9,1.1158895,62.00000346287
"Finland","FIN",2023,5583911,63466.8356113767,27.4,NA,NA
"France","FRA",2000,60918661,26007.4432303376,32.6,0.8540521,520.277103562381
"France","FRA",2001,61364377,27346.834962018,32.5,0.8261168,506.941427612336
"France","FRA",2002,61812142,28350.0985605428,31.8,0.8076644,499.234665811448
"France","FRA",2003,62249855,28024.0897244695,31.4,0.7513941,467.741737728555
"France","FRA",2004,62707588,28921.2608031323,30.6,0.7684278,481.862538901464
"France","FRA",2005,63180854,30431.2367240202,29.8,0.71316254,450.582183180092
"France","FRA",2006,63622342,32423.5225068799,29.7,0.6737271,428.640959708682
"France","FRA",2007,64016890,34066.2393228249,32.4,0.60358334,386.395282826126
"France","FRA",2008,64375116,35053.2627069116,33,0.7110202,457.720078533432
"France","FRA",2009,64706436,34685.0059249958,32.7,0.7601903,491.892049947708
"France","FRA",2010,65026211,35907.5531031574,33.7,0.64354825,418.475042931808
"France","FRA",2011,65340830,37510.3759898714,33.3,0.62634003,409.255774224249
"France","FRA",2012,65657659,37671.0239268565,33.1,0.6265834,411.399992122606
"France","FRA",2013,65997932,39583.3520435045,32.5,0.6192992,408.724664892544
"France","FRA",2014,66312067,40218.1258637776,32.3,0.44441336,294.699685040151
"France","FRA",2015,66548272,40905.1767750994,32.7,0.46700552,310.784103704614
"France","FRA",2016,66724104,42880.2351355431,31.9,0.426798,284.77714138992
"France","FRA",2017,66918020,44469.1458856805,31.6,0.38211924,255.706629447048
"France","FRA",2018,67158348,46381.0590629457,32.4,0.6079691,408.302003910468
"France","FRA",2019,67382061,51130.4723140578,31.2,0.63565445,428.317069248215
"France","FRA",2020,67601110,49481.8044309655,30.7,0.6511064,440.15515368104
"France","FRA",2021,67842811,52517.3354905855,31.5,0.73670816,499.803524610378
"France","FRA",2022,68184457,57012.0586826676,31.2,0.7246608,494.106031571856
"France","FRA",2023,68372286,60927.0361517867,31.8,NA,NA
"Germany","DEU",2000,82211508,27473.6669767024,28.7,0.7336872,603.175311122976
"Germany","DEU",2001,82349925,28674.1682823146,29.9,0.6886101,567.069900892425
"Germany","DEU",2002,82488495,29513.6823267102,29.9,0.73349065,605.045398150718
"Germany","DEU",2003,82534176,30301.4017692833,29.9,0.67135096,554.09398290409
"Germany","DEU",2004,82516260,31753.1720592803,30.1,0.6399901,528.09589489026
"Germany","DEU",2005,82469422,32313.736788417,31.6,0.550541,454.02798057302
"Germany","DEU",2006,82376451,34741.3353426224,31,0.58762246,484.062527826895
"Germany","DEU",2007,82266372,36914.0023792935,31.2,0.54945964,452.020511432261
"Germany","DEU",2008,82110097,38437.6006682053,30.6,0.5406737,443.947699523489
"Germany","DEU",2009,81902307,37560.4365631565,30.4,0.53862745,441.148307685272
"Germany","DEU",2010,81776930,39713.9503169931,30.2,0.5895486,482.11474593798
"Germany","DEU",2011,80274983,43384.1299848762,30.4,0.52825165,424.05392223472
"Germany","DEU",2012,80425823,44212.02071657,30.9,0.49684224,399.589460531635
"Germany","DEU",2013,80645605,45876.2138041716,31.4,0.49351728,397.999996235544
"Germany","DEU",2014,80982500,47927.5555323465,30.8,0.45688882,369.9999886565
"Germany","DEU",2015,81686611,48567.1117562648,31.4,0.5312988,433.999984003668
"Germany","DEU",2016,82348669,51555.3799963446,31.3,0.45780945,376.999988631221
"Germany","DEU",2017,82657002,54142.7414864571,31.3,0.43553478,359.999991815296
"Germany","DEU",2018,82905782,56320.6026829454,31.9,0.40769172,338.00000861525
"Germany","DEU",2019,83092962,59310.9693966204,32.2,0.39233166,325.999997157769
"Germany","DEU",2020,83160871,58704.5861986404,32.5,0.44612327,370.999997065682
"Germany","DEU",2021,83196078,62630.7748127737,33.6,NA,NA
"Germany","DEU",2022,83177813,69669.6495435563,33.7,NA,NA
"Germany","DEU",2023,83287273,72262.2235142279,NA,NA,NA
"Greece","GRC",2000,10805808,18819.8544320117,34.4,1.1449553,123.721671403824
"Greece","GRC",2001,10862132,20303.9312433429,NA,1.0502328,114.077673043296
"Greece","GRC",2002,10902022,21985.2345411071,35.5,0.76450104,83.3460715710288
"Greece","GRC",2003,10928070,23252.6111362028,32.8,1.1067233,120.94349693031
"Greece","GRC",2004,10955141,24825.5735347512,33.6,0.9130575,100.026736536075
"Greece","GRC",2005,10987314,25003.8297466933,34.6,1.0716927,117.750242064078
"Greece","GRC",2006,11020362,28076.1241416392,35.1,0.85213006,93.9078173228172
"Greece","GRC",2007,11048473,28895.874926558,34,1.1614559,128.323141518407
"Greece","GRC",2008,11077841,30440.9709059081,33.6,1.3348678,147.874532444198
"Greece","GRC",2009,11107017,29963.3968875108,33.6,1.4801354,164.398890501018
"Greece","GRC",2010,11121341,27838.73639086,34.1,1.4592011,162.282730206751
"Greece","GRC",2011,11104899,25692.5740851321,34.8,1.6460141,182.788203330759
"Greece","GRC",2012,11045011,24582.9741957507,36.3,1.5595726,172.254965222986
"Greece","GRC",2013,10965211,25730.8809006664,36.1,1.4409168,157.999567454448
"Greece","GRC",2014,10892413,26450.181326726,35.8,1.1108694,121.000482938622
"Greece","GRC",2015,10820883,26607.7256796976,36,0.91489077,98.9992597994991
"Greece","GRC",2016,10775971,27504.5497984948,35,0.8073505,86.999855748355
"Greece","GRC",2017,10754679,28681.6815585005,34.4,0.8275451,88.999819085229
"Greece","GRC",2018,10732882,29792.0592519585,32.9,1.0342034,110.999830561988
"Greece","GRC",2019,10721582,31927.3792151369,33.1,0.8674119,93.000278136258
"Greece","GRC",2020,10698599,29533.087740299,33.6,0.80384433,86.0000814509367
"Greece","GRC",2021,10570130,33528.2271202515,32.9,0.86984557,91.943807548241
"Greece","GRC",2022,10437805,39447.813910406,33.4,0.804765,83.99980140825
"Greece","GRC",2023,10407351,42613.6574438075,33.4,NA,NA
"Hungary","HUN",2000,10210971,11871.6712053699,27.2,2.573766,262.80649986786
"Hungary","HUN",2001,10187576,13222.7298612624,26.9,2.4343379,248.000023659304
"Hungary","HUN",2002,10158608,14532.3075182088,26.8,2.3625286,240.000019361888
"Hungary","HUN",2003,10129552,15459.9630651172,30.9,1.954677,198.00002314704
"Hungary","HUN",2004,10107146,16250.6523854316,29.9,2.166784,219.00002238464
"Hungary","HUN",2005,10087065,17091.2761318193,34.7,1.9232552,194.00000213988
"Hungary","HUN",2006,10071370,18361.9963871537,28.3,1.896465,191.0000070705
"Hungary","HUN",2007,10055780,19089.2936988152,27.9,1.7104591,172.00000408598
"Hungary","HUN",2008,10038188,20708.7615120316,27.5,2.0222774,203.000007293512
"Hungary","HUN",2009,10022650,20691.4485224486,27,1.4766555,148.00001247075
"Hungary","HUN",2010,10000023,21690.9866477738,29.4,1.5199964,151.999989599172
"Hungary","HUN",2011,9971727,22992.2184657584,29.2,1.6045365,159.999999395355
"Hungary","HUN",2012,9920362,23205.310668404,30.8,1.4414797,143.000004396514
"Hungary","HUN",2013,9872734,24591.6380503055,31.5,1.2736174,125.740858079716
"Hungary","HUN",2014,9833038,25796.2100959256,30.9,0.9324512,91.688280827456
"Hungary","HUN",2015,9797755,26937.7320818864,30.4,1.2496154,122.43425533427
"Hungary","HUN",2016,9759755,28178.9450366919,30.3,1.0189501,99.447033332255
"Hungary","HUN",2017,9726756,29728.0121568801,30.6,0.8581967,83.474699009052
"Hungary","HUN",2018,9706964,32258.2577892511,NA,1.0536476,102.277193218864
"Hungary","HUN",2019,9694824,35627.2315520858,NA,0.81873745,79.375154799588
"Hungary","HUN",2020,9670419,35583.5855675637,NA,0.9730495,94.097963727405
"Hungary","HUN",2021,9630932,38887.1909527154,NA,0.7058215,67.97718870638
"Hungary","HUN",2022,9605074,44232.4363539167,NA,0.94729906,90.9887757143044
"Hungary","HUN",2023,9592186,46376.1979062264,NA,0.7714613,74.000002814018
"Ireland","IRL",2000,3805174,30215.9324896691,33,1.0027612,38.156808464488
"Ireland","IRL",2001,3866243,32573.4634024331,NA,1.0397178,40.198016662254
"Ireland","IRL",2002,3931947,35222.028724352,32.3,1.097722,43.16184724734
"Ireland","IRL",2003,3996521,36280.4827472575,32.9,0.90478134,36.1597762571814
"Ireland","IRL",2004,4070262,38729.2468204554,33.6,0.5935066,24.157273607292
"Ireland","IRL",2005,4159914,40466.2343515711,33.8,0.919936,38.26854645504
"Ireland","IRL",2006,4273591,44222.6536034198,32.7,0.9906058,42.334440314278
"Ireland","IRL",2007,4398942,46782.3762067243,31.9,1.1292857,49.676622957294
"Ireland","IRL",2008,4489544,44169.0943411644,30.9,0.9271661,41.625530012584
"Ireland","IRL",2009,4535375,41491.4739085241,32.7,1.0988259,49.835875162125
"Ireland","IRL",2010,4560155,43162.9939992062,32.3,0.83437246,38.048677453313
"Ireland","IRL",2011,4580084,45457.5262213217,32.9,0.6120368,28.031799550912
"Ireland","IRL",2012,4599533,46654.4428740181,33.2,0.8941409,41.126305761997
"Ireland","IRL",2013,4623816,48763.0331535881,33.5,0.5660634,26.173730059344
"Ireland","IRL",2014,4657740,52582.2223929461,31.9,0.6916161,32.21367973614
"Ireland","IRL",2015,4701957,71519.6014840656,31.8,0.44797257,21.0634776131949
"Ireland","IRL",2016,4762722,72940.7263991139,32.8,0.48527333,23.1122196480426
"Ireland","IRL",2017,4827445,80409.4548397032,31.4,0.41572306,20.068802073817
"Ireland","IRL",2018,4898022,86368.9782047908,30.6,0.4529531,22.185742487682
"Ireland","IRL",2019,4976456,92042.2566065385,30.3,0.2621776,13.047152905856
"Ireland","IRL",2020,5039747,97677.4943055886,29.2,0.15904967,8.0157009723349
"Ireland","IRL",2021,5110585,116702.85817485,29.4,0.11823434,6.042466444889
"Ireland","IRL",2022,5212836,138464.829172919,29.9,0.13503174,7.0389831541464
"Ireland","IRL",2023,5311538,133440.438499393,29,NA,NA
"Italy","ITA",2000,56942108,27152.1544907116,35.2,1.052289,599.19553885212
"Italy","ITA",2001,56976981,28134.0572858014,NA,0.96733373,551.157555548691
"Italy","ITA",2002,57089824,28833.0217903129,34.7,0.9797505,559.33783608912
"Italy","ITA",2003,57399184,29249.1801358747,34.9,1.124909,645.68858674256
"Italy","ITA",2004,57828179,29580.8439042327,34.3,1.0730631,620.532850250949
"Italy","ITA",2005,58166682,30137.8180374437,33.8,0.9280745,539.83014313809
"Italy","ITA",2006,58399861,32453.6488675587,33.7,0.90428644,528.102024001848
"Italy","ITA",2007,58756247,34107.5078152619,32.9,0.9431533,554.161482536651
"Italy","ITA",2008,59211181,35422.3424391113,33.8,0.85572684,506.68596809798
"Italy","ITA",2009,59555454,34501.7122743906,33.8,0.8489402,505.590190298508
"Italy","ITA",2010,59819407,34974.1045135807,34.7,0.77045953,460.884322020987
"Italy","ITA",2011,60026841,36392.2827759493,35.1,0.76289004,457.938791315636
"Italy","ITA",2012,60191247,36281.1014243506,35.2,0.77931166,469.0774061704
"Italy","ITA",2013,60311613,36459.2950248716,34.9,0.7022618,423.545419062834
"Italy","ITA",2014,60320707,36665.68576775,34.7,0.6234666,376.079461028862
"Italy","ITA",2015,60229605,37384.3796455406,35.4,0.65041363,391.741560215161
"Italy","ITA",2016,60115223,40482.562999856,35.2,0.60038763,360.924362638915
"Italy","ITA",2017,60002252,42142.3435406885,35.9,0.55338323,332.04240019034
"Italy","ITA",2018,59877221,43583.3823241172,35.2,0.5227364,313.000029475444
"Italy","ITA",2019,59729081,46661.9105159611,34.6,0.42901233,256.245122085687
"Italy","ITA",2020,59438851,44435.6434393527,35.2,0.38022262,225.999956570096
"Italy","ITA",2021,59133173,49825.3934111848,34.8,0.44475883,263.000008376676
"Italy","ITA",2022,59013667,57260.8945372493,33.7,0.41484982,244.818091324899
"Italy","ITA",2023,58984216,60349.664512107,34.3,NA,NA
"Latvia","LVA",2000,2367550,7848.90854892793,NA,12.544614,297.000008757
"Latvia","LVA",2001,2337170,8807.75837072465,NA,12.408169,290.0000034173
"Latvia","LVA",2002,2310173,9568.79465678335,35.1,11.514289,265.99999561997
"Latvia","LVA",2003,2287955,10193.2381015054,36.5,10.795667,247.00000290985
"Latvia","LVA",2004,2263122,11319.1462699913,36.4,9.588524,216.99999611928
"Latvia","LVA",2005,2238799,12825.873779559,39,10.273365,229.99999288635
"Latvia","LVA",2006,2218357,14180.0017761877,35.6,9.827093,218.00000546201
"Latvia","LVA",2007,2200325,16245.5340994603,37.5,8.635088,190.000000036
"Latvia","LVA",2008,2177322,17443.3912910988,37.2,7.8996124,171.999998699928
"Latvia","LVA",2009,2141669,15545.0821339945,35.9,6.6770353,142.999995139157
"Latvia","LVA",2010,2097555,16373.4037320495,35,6.626763,138.99999864465
"Latvia","LVA",2011,2059709,17680.4939630507,35.8,6.311571,129.99999592839
"Latvia","LVA",2012,2034319,19416.5167382125,35.2,6.3411884,129.000000446996
"Latvia","LVA",2013,2012647,20473.5243706913,35.5,5.9622974,119.999999752178
"Latvia","LVA",2014,1993782,21553.6623204436,35.1,6.921519,137.99999994858
"Latvia","LVA",2015,1977527,22543.9183164105,34.2,5.056821,100.00000061667
"Latvia","LVA",2016,1959537,24063.4511245109,34.3,4.6439543,91.000002771591
"Latvia","LVA",2017,1942248,25763.9907709703,35.6,3.8615048,74.999999747904
"Latvia","LVA",2018,1927174,29817.8047263182,35.1,3.9435983,76.000001102042
"Latvia","LVA",2019,1913822,32199.0960377091,34.5,3.2395916,62.000016750952
"Latvia","LVA",2020,1900449,32741.4207691987,35.7,3.315006,62.99999837694
"Latvia","LVA",2021,1884490,36912.0130602161,34.3,3.6084034,68.00000123266
"Latvia","LVA",2022,1879383,40546.4638799692,33.7,2.9797013,55.999999682979
"Latvia","LVA",2023,1883710,42783.8260226567,34,2.5566661,48.16017499231
"Lithuania","LTU",2000,3499536,8474.59300330083,31.7,9.85845,345.000006792
"Lithuania","LTU",2001,3470818,9399.33656166607,32,10.256948,355.99999743464
"Lithuania","LTU",2002,3443067,10295.5066962899,31.9,7.2028804,247.999998101868
"Lithuania","LTU",2003,3415213,11659.8787391334,35.5,9.72121,332.0000276773
"Lithuania","LTU",2004,3377075,12605.0201901971,37,8.676147,292.99999130025
"Lithuania","LTU",2005,3322528,13951.3261880977,35.3,9.450635,313.9999940528
"Lithuania","LTU",2006,3269909,15522.3579257294,34.4,7.7983823,255.000004682107
"Lithuania","LTU",2007,3231294,17968.6445835063,34.8,7.4892597,241.999999330518
"Lithuania","LTU",2008,3198231,19410.0077598903,35.7,7.754287,248.00001066297
"Lithuania","LTU",2009,3162916,17054.6365568486,37.2,6.2916627,199.000006204332
"Lithuania","LTU",2010,3097282,18718.9043711358,33.6,5.553256,171.99999850192
"Lithuania","LTU",2011,3028115,21557.6567458052,32.5,5.2177677,158.000006388855
"Lithuania","LTU",2012,2989139,23275.2517553588,35.1,4.5184155,135.061719892545
"Lithuania","LTU",2013,2961250,24889.8726227818,35.3,4.868666,144.173371925
"Lithuania","LTU",2014,2937253,26274.7488764946,37.7,3.8194401,112.186618920453
"Lithuania","LTU",2015,2911109,26948.5919371645,37.4,4.1653614,121.258210597926
"Lithuania","LTU",2016,2877325,28698.9887868061,38.4,3.4864695,100.317058540875
"Lithuania","LTU",2017,2842639,31305.0436934372,37.3,2.75774,78.3925927586
"Lithuania","LTU",2018,2819200,36491.9385223689,35.7,2.5700123,72.4537867616
"Lithuania","LTU",2019,2811089,40563.8304884555,35.3,2.218932,62.37615336948
"Lithuania","LTU",2020,2810369,41262.7276941725,36,2.433016,68.37672742904
"Lithuania","LTU",2021,2808380,45897.3715026327,36.7,1.7803859,50.00000153842
"Lithuania","LTU",2022,2831639,50653.3394443751,36.6,1.8717078,53.000008030842
"Lithuania","LTU",2023,2871585,52720.0689650863,36,1.7063742,48.99998557107
"Luxembourg","LUX",2000,436300,55136.1065732474,30.1,1.1394453,4.9713998439
"Luxembourg","LUX",2001,441525,56135.8762322909,30.9,2.0371208,8.9943976122
"Luxembourg","LUX",2002,446175,58575.6769297665,31.1,1.7929822,7.99983833085
"Luxembourg","LUX",2003,451630,60192.1759452336,30.2,0.8856611,3.99991122593
"Luxembourg","LUX",2004,458095,64685.7286866435,30.2,0.43657827,1.9999432259565
"Luxembourg","LUX",2005,465158,68787.9115407203,30.8,1.5048326,6.999849225508
"Luxembourg","LUX",2006,472637,78861.1799499563,30.9,1.4810113,6.999807377981
"Luxembourg","LUX",2007,479993,85126.1393867018,31.1,1.2499844,5.999837621092
"Luxembourg","LUX",2008,488650,90970.7211980147,32.6,1.0232042,4.9998873233
"Luxembourg","LUX",2009,497783,86918.5909104052,31.2,1.0044335,4.999899209305
"Luxembourg","LUX",2010,506953,90336.0184704033,30.5,2.1697707,10.999717656771
"Luxembourg","LUX",2011,518347,94475.0302265023,32.1,0.38584116,1.9999960776252
"Luxembourg","LUX",2012,530946,96636.426643956,34.3,0.18833774,0.9999716970204
"Luxembourg","LUX",2013,543360,100925.011992241,32,0.18404005,1.00000001568
"Luxembourg","LUX",2014,556319,105296.288654407,31.2,0.7190119,3.999999811961
"Luxembourg","LUX",2015,569604,107859.685999308,32.9,0.87780285,5.000000145714
"Luxembourg","LUX",2016,582014,113365.176082265,31.7,0.51417583,2.9925753152162
"Luxembourg","LUX",2017,596336,114985.842235989,34.5,0.1676907,1.000000012752
"Luxembourg","LUX",2018,607950,116638.414163882,35.4,0.3289747,2.00000168865
"Luxembourg","LUX",2019,620001,121371.73990307,34.2,0.6451566,3.999977371566
"Luxembourg","LUX",2020,630419,122066.739147202,33.4,0.31724933,2.0000000536927
"Luxembourg","LUX",2021,640064,136772.443753292,32.7,0.78117186,4.9999998539904
"Luxembourg","LUX",2022,653103,146919.145398495,34.1,1.531152,9.99999964656
"Luxembourg","LUX",2023,666430,152596.126692093,33.6,1.0503737,7.00000544891
"Malta","MLT",2000,390087,18214.5762868266,NA,1.0367825,4.044353750775
"Malta","MLT",2001,393028,18435.0509882135,NA,2.2899132,9.000000051696
"Malta","MLT",2002,395969,19532.070987512,NA,1.2627283,5.000012622227
"Malta","MLT",2003,398582,20812.6755173777,NA,0,0
"Malta","MLT",2004,401268,21565.8706313912,NA,1.4952637,6.000014743716
"Malta","MLT",2005,403834,22227.3733711361,NA,0.49519783,1.9997772048022
"Malta","MLT",2006,405308,23219.0628242456,28,0,0
"Malta","MLT",2007,406724,25011.6064200546,29.2,0.737503,2.99960170172
"Malta","MLT",2008,409379,26654.0006455469,29,1.221213,4.99938956727
"Malta","MLT",2009,412477,26781.9306229244,30.2,0.7272198,2.999614414446
"Malta","MLT",2010,414508,28909.2634787626,29,0.9648738,3.999479090904
"Malta","MLT",2011,416268,29425.9283203838,29.1,0.480402,1.99975979736
"Malta","MLT",2012,420028,30716.0924476439,29.4,1.4302503,6.007451730084
"Malta","MLT",2013,424810,33138.0865932239,28.8,1.4169959,6.01954028279
"Malta","MLT",2014,433481,35205.746954765,29,0.93584543,4.0567121284183
"Malta","MLT",2015,444220,38368.726998344,29.4,0.69454736,3.085318282592
"Malta","MLT",2016,454505,41000.1176833537,29.1,0.8783294,3.99205103947
"Malta","MLT",2017,467106,45763.6968096243,29.2,1.7091972,7.983762673032
"Malta","MLT",2018,483903,48178.5049931669,28.7,1.8212945,8.813298724335
"Malta","MLT",2019,503912,51392.5014263659,31,0.90832293,4.5771482430216
"Malta","MLT",2020,515490,49971.8904481582,31.4,1.3588711,7.00484463339
"Malta","MLT",2021,518150,56823.9958525022,31.6,0.19307591,1.000422827665
"Malta","MLT",2022,531113,60623.0076694404,34.6,0.9413182,4.999463331566
"Malta","MLT",2023,552747,67101.1037962636,31.8,NA,NA
"Netherlands","NLD",2000,15925513,31894.6590915933,NA,1.1428204,182.000011368652
"Netherlands","NLD",2001,16046180,33259.4535966288,NA,1.2588665,201.9999845497
"Netherlands","NLD",2002,16148929,34568.4593268108,NA,1.2075105,195.000013312545
"Netherlands","NLD",2003,16225302,34286.3833524783,NA,1.2511322,202.999977869244
"Netherlands","NLD",2004,16281779,35960.7138360683,29.8,1.1853741,192.999991285239
"Netherlands","NLD",2005,16319868,37778.4864360065,29,1.0784307,175.998466711476
"Netherlands","NLD",2006,16346101,41208.0462204734,30,0.78917223,128.998889779752
"Netherlands","NLD",2007,16381696,44203.4002135804,29.6,0.87292546,142.999995163802
"Netherlands","NLD",2008,16445593,46714.3454301392,29.3,0.91817904,150.999987929707
"Netherlands","NLD",2009,16530388,44959.169463743,27.9,0.9437165,155.99999907002
"Netherlands","NLD",2010,16615394,45301.269581608,27.8,0.89675874,148.999997880436
"Netherlands","NLD",2011,16693074,47004.1370739062,27.8,0.87461424,146.000002297738
"Netherlands","NLD",2012,16754962,47653.3401651371,27.6,0.87138367,146.000002782705
"Netherlands","NLD",2013,16804432,49622.0519614799,28.1,0.7498022,126.000000833504
"Netherlands","NLD",2014,16865008,49751.3092860822,28.6,0.7293207,122.999994400656
"Netherlands","NLD",2015,16939923,50956.6930942185,28.2,0.61983746,104.999988449156
"Netherlands","NLD",2016,17030314,53162.2791598028,28.2,0.56957257,96.9999971288698
"Netherlands","NLD",2017,17131296,56037.567993606,28.5,0.7704206,131.983033430976
"Netherlands","NLD",2018,17231624,58819.2609142584,28.1,0.577487,99.51038848888
"Netherlands","NLD",2019,17344874,62345.2538465433,29.2,0.62424266,108.274102831248
"Netherlands","NLD",2020,17441500,62596.6302027524,26,0.61671716,107.5647234614
"Netherlands","NLD",2021,17533044,68573.5648786447,25.7,0.64999336,113.963621805878
"Netherlands","NLD",2022,17700982,78630.3599072098,NA,0.7120589,126.041417718398
"Netherlands","NLD",2023,17877117,80391.6029350952,NA,0.58739465,105.00922883224
"Poland","POL",2000,38258629,10721.2034293332,33,2.0911782,800.056109266878
"Poland","POL",2001,38248076,11175.2853656421,32.8,1.7359118,663.952864556968
"Poland","POL",2002,38230364,11841.2684087721,34.1,1.7786008,679.965559946912
"Poland","POL",2003,38204570,12328.9011615853,34.9,1.5630245,597.14678921965
"Poland","POL",2004,38182222,13413.0543202274,38,1.5086334,576.029753954148
"Poland","POL",2005,38165445,13935.5573148214,35.8,1.4622139,558.060441786855
"Poland","POL",2006,38141267,15204.8809890545,34.7,1.4947966,570.134362312922
"Poland","POL",2007,38120560,16833.2346946924,34,1.3695048,522.06289898688
"Poland","POL",2008,38125759,18372.37645483,33.5,1.2750582,486.125616441738
"Poland","POL",2009,38151603,19300.1669900632,33.4,1.0850936,413.980602450408
"Poland","POL",2010,38042794,20990.9122325468,33.2,0.93054056,354.003628327246
"Poland","POL",2011,38063255,22808.5055268899,33.2,1.0775003,410.131686814765
"Poland","POL",2012,38063164,23728.1456821435,33,0.98005384,373.039500407498
"Poland","POL",2013,38040196,24433.8914344877,33.1,1.1148615,424.09549972854
"Poland","POL",2014,38011735,25459.7392273761,32.8,0.88406736,336.049342104696
"Poland","POL",2015,37986412,26988.1069013509,31.8,0.77142644,293.037225775333
"Poland","POL",2016,37970087,28359.6927346266,31.2,0.750854,285.09991704298
"Poland","POL",2017,37974826,30170.2818974087,29.7,0.69279224,263.086647681502
"Poland","POL",2018,37974750,32345.1066076225,30.2,0.5402109,205.14373874775
"Poland","POL",2019,37965475,35882.3655065553,28.8,0.6587938,250.11419544055
"Poland","POL",2020,37515748,37089.3004256812,28.5,0.5773834,216.609701337832
"Poland","POL",2021,36981559,41059.5847829682,28.5,0.5962285,220.494594502315
"Poland","POL",2022,36821749,46777.5524519162,28.9,0.50802225,187.062677759153
"Poland","POL",2023,36687353,48473.0940286419,28.5,NA,NA
"Portugal","PRT",2000,10289898,18883.1145969452,NA,0.94267213,97.0000006514274
"Portugal","PRT",2001,10362722,19528.5826120827,NA,1.2930965,133.99999548673
"Portugal","PRT",2002,10419631,20356.647299736,NA,1.7467029,181.999996846299
"Portugal","PRT",2003,10458821,20849.5943833375,38.8,1.625422,169.99997747462
"Portugal","PRT",2004,10483861,21475.5711021267,38.9,NA,NA
"Portugal","PRT",2005,10503330,22725.2774946084,38.5,NA,NA
"Portugal","PRT",2006,10522288,24677.2834629922,38.1,NA,NA
"Portugal","PRT",2007,10542964,25738.0214895961,36.8,1.0528349,111.000004486436
"Portugal","PRT",2008,10558177,26665.8372952939,36.6,1.4017571,147.999995728067
"Portugal","PRT",2009,10568247,26471.9079607159,34.9,0.97461766,103.00000161442
"Portugal","PRT",2010,10573100,27292.0819531528,35.8,1.2389933,131.0000006023
"Portugal","PRT",2011,10557560,26803.2336904645,36.3,0.93771666,98.999999009496
"Portugal","PRT",2012,10514844,26476.2182777269,36,1.1507541,120.999998438604
"Portugal","PRT",2013,10457295,27966.0874254705,36.2,0.92758214,97.000000747113
"Portugal","PRT",2014,10401062,28764.5254955042,35.6,1.0479699,108.999999040338
"Portugal","PRT",2015,10358076,29608.0071513956,35.5,1.0040475,104.0000031261
"Portugal","PRT",2016,10325452,31589.2695609552,35.2,0.80383897,83.0000070046444
"Portugal","PRT",2017,10300300,32970.8395386562,33.8,0.7087172,72.9999977516
"Portugal","PRT",2018,10283822,34896.7993382974,33.5,0.7779209,80.000000656798
"Portugal","PRT",2019,10286263,37865.5603564295,32.8,0.88009346,90.5287279413998
"Portugal","PRT",2020,10297081,35966.712796561,34.7,NA,NA
"Portugal","PRT",2021,10361831,38657.6677223429,34.6,NA,NA
"Portugal","PRT",2022,10434332,45250.0152469537,36.3,0.9664151,100.838960032132
"Portugal","PRT",2023,10578174,49800.3476220918,33.9,NA,NA
"Romania","ROU",2000,22442971,5850.11618879062,29.3,3.6237535,813.277947116485
"Romania","ROU",2001,22131970,6519.88442713201,29.4,3.489764,772.3535215508
"Romania","ROU",2002,21730496,7162.33309403077,30.2,3.6889546,801.628131794816
"Romania","ROU",2003,21574326,7559.37879427633,29.9,3.8695922,834.838436098572
"Romania","ROU",2004,21451748,8989.35842777528,30,3.1928644,684.925225069712
"Romania","ROU",2005,21319685,9602.12221045768,29.8,2.5851088,551.13705306728
"Romania","ROU",2006,21193760,11554.1030525663,39.6,2.2979596,487.02404252096
"Romania","ROU",2007,20882982,13702.7269257817,37.5,2.0754437,433.414534291134
"Romania","ROU",2008,20537875,16782.1218359924,36.4,2.4506564,503.3127481115
"Romania","ROU",2009,20367487,16640.8096121507,35.6,2.347466,478.11983237942
"Romania","ROU",2010,20246871,17354.7164981302,35.5,2.3983614,485.593138771794
"Romania","ROU",2011,20147528,18803.8819856631,35.9,1.971491,397.20670124248
"Romania","ROU",2012,20058035,19807.4757017991,36.5,2.1784449,436.953240497715
"Romania","ROU",2013,19983693,19678.1401421845,36.9,1.8410407,367.907921493051
"Romania","ROU",2014,19908979,20633.0192361402,36,1.8226138,362.863798693102
"Romania","ROU",2015,19815616,21624.5759002018,35.9,1.5186912,300.938016417792
"Romania","ROU",2016,19702267,23905.2650215388,34.4,1.5426441,303.935859441747
"Romania","ROU",2017,19588715,26943.28718432,36,1.3933595,272.941221380425
"Romania","ROU",2018,19473970,29382.8866943611,35.8,1.3857638,269.86322668286
"Romania","ROU",2019,19371648,33425.1219389628,34.8,1.445099,279.93949153152
"Romania","ROU",2020,19265250,34193.845654499,34.6,1.4251602,274.5606754305
"Romania","ROU",2021,19122059,37534.0002643549,33.9,NA,NA
"Romania","ROU",2022,19048502,41979.4260140907,32.3,1.212427,230.94918134354
"Romania","ROU",2023,19061062,45981.6373404846,29.8,NA,NA
"Slovak Republic","SVK",2000,5388720,11369.9916167703,NA,2.1849105,117.7387090956
"Slovak Republic","SVK",2001,5378867,12367.3391520167,NA,2.0632813,110.981156962871
"Slovak Republic","SVK",2002,5376912,13291.7864712556,NA,2.1937943,117.958388972016
"Slovak Republic","SVK",2003,5373374,14088.2610150529,NA,1.9148718,102.893223434532
"Slovak Republic","SVK",2004,5372280,15165.8836134619,27.1,1.7649548,94.81831372944
"Slovak Republic","SVK",2005,5372807,16570.2574196157,29.3,1.6520381,88.760818679467
"Slovak Republic","SVK",2006,5373054,18905.7195772335,25.8,NA,NA
"Slovak Republic","SVK",2007,5374622,21232.2703380662,24.7,NA,NA
"Slovak Republic","SVK",2008,5379233,23714.1353570991,26,1.2761302,68.646016841366
"Slovak Republic","SVK",2009,5386406,23077.3712084636,27.2,1.1442547,61.634203816082
"Slovak Republic","SVK",2010,5391428,25381.7112298749,27.3,1.1968278,64.526109120984
"Slovak Republic","SVK",2011,5398384,26201.6502820886,26.5,NA,NA
"Slovak Republic","SVK",2012,5407579,27022.7747321382,26.1,1.0540762,57.000003235198
"Slovak Republic","SVK",2013,5413393,28075.4326236719,28.1,1.2376713,67.000011517209
"Slovak Republic","SVK",2014,5418649,29108.072180194,26.1,0.8673749,47.000001345101
"Slovak Republic","SVK",2015,5423801,30147.9903672541,26.5,NA,NA
"Slovak Republic","SVK",2016,5430798,29867.9803390081,25.2,0.68129957,37.0000034215686
"Slovak Republic","SVK",2017,5439232,30245.7825869756,23.2,0.4412388,24.000002006016
"Slovak Republic","SVK",2018,5446771,31509.8187291635,25,0.5691446,31.000003020866
"Slovak Republic","SVK",2019,5454147,33985.6758419661,23.2,0.5317055,28.999999577085
"Slovak Republic","SVK",2020,5458827,35327.9439165588,24.2,0.56778836,30.9945842985372
"Slovak Republic","SVK",2021,5447247,38330.302743447,24.1,0.46000597,25.0576614006459
"Slovak Republic","SVK",2022,5431752,41529.408474315,24.1,0.46025664,24.9999992483328
"Slovak Republic","SVK",2023,5426740,45864.6125430469,23.8,0.7186636,39.00000504664
"Slovenia","SVN",2000,1988925,17891.5856596003,NA,1.1126683,22.130137985775
"Slovenia","SVN",2001,1992060,18763.4715912597,NA,0.80319875,16.00020101925
"Slovenia","SVN",2002,1994530,20004.2990959715,29.1,1.4030038,27.98333169214
"Slovenia","SVN",2003,1995733,20915.5593835145,30.9,1.3521818,26.985938402594
"Slovenia","SVN",2004,1997012,22587.7819716494,24.8,1.9028505,38.00015282706
"Slovenia","SVN",2005,2000474,23682.3710849153,24.6,1.1493598,22.992643965452
"Slovenia","SVN",2006,2006868,25571.066947369,24.4,0.64724404,12.9893335206672
"Slovenia","SVN",2007,2018122,27468.038850682,24.4,1.0399097,20.986646435834
"Slovenia","SVN",2008,2021316,29460.9414243515,23.7,0.6374427,12.884731285932
"Slovenia","SVN",2009,2039669,27228.6387025436,24.8,0.5385992,10.985640916648
"Slovenia","SVN",2010,2048583,27579.428605763,24.9,0.48798078,9.9966913023474
"Slovenia","SVN",2011,2052843,28715.6339954963,24.9,0.92570215,19.0032117871245
"Slovenia","SVN",2012,2057159,28786.7105517686,25.6,0.778111,16.00698046649
"Slovenia","SVN",2013,2059953,29634.0657611471,26.2,1.0198561,21.008556327633
"Slovenia","SVN",2014,2061980,30571.9753019832,25.7,0.97010946,20.003463043308
"Slovenia","SVN",2015,2063531,31336.2043858881,25.4,0.6301268,13.002861857308
"Slovenia","SVN",2016,2065042,33575.1775435757,24.8,0.6782154,14.005432860468
"Slovenia","SVN",2017,2066388,36180.0384547624,24.2,1.1131756,23.002527017328
"Slovenia","SVN",2018,2073894,38620.2045436305,24.6,0.7259029,15.054456688926
"Slovenia","SVN",2019,2088385,42373.2506369279,24.4,0.43792084,9.145473134434
"Slovenia","SVN",2020,2102419,41767.2579899957,24,0.76185906,16.0174696306614
"Slovenia","SVN",2021,2108079,45922.6632600134,24.3,0.5772772,12.169459424988
"Slovenia","SVN",2022,2112076,52322.1405997493,24.3,0.9143258,19.311255783608
"Slovenia","SVN",2023,2120461,56150.6852244867,24.7,0.81853944,17.3568095948184
"Spain","ESP",2000,40567864,21582.2067955558,34.1,1.0230623,415.034522499272
"Spain","ESP",2001,40850412,22952.3641099695,NA,1.0291928,420.429499074336
"Spain","ESP",2002,41431558,24377.8417076394,NA,1.0480704,434.231895656832
"Spain","ESP",2003,42187645,25057.3469945838,31.8,1.0617892,447.94385834434
"Spain","ESP",2004,42921895,26159.7864720491,33.3,1.3702881,588.153619479495
"Spain","ESP",2005,43653155,27629.7077024966,32.4,0.89635074,391.285377875847
"Spain","ESP",2006,44397319,30748.7396326091,33.5,0.85322213,378.807750834695
"Spain","ESP",2007,45226803,32536.1882684038,34.1,0.7777407,351.747254239821
"Spain","ESP",2008,45954106,33349.942580613,34.2,0.82906765,380.990626692709
"Spain","ESP",2009,46362946,32218.2880170155,34.9,0.7337336,340.180512751856
"Spain","ESP",2010,46576897,31804.6746571689,35.2,0.7140868,332.599473326596
"Spain","ESP",2011,46742697,32015.5752000401,35.7,0.72628486,339.485131466674
"Spain","ESP",2012,46773055,31869.7839822219,35.4,0.64790106,303.043119139383
"Spain","ESP",2013,46604197,32613.6891811474,36.2,0.6760638,315.074105197686
"Spain","ESP",2014,46460733,33760.9555646369,36.1,0.68237895,317.038262007704
"Spain","ESP",2015,46422303,35228.6333036223,36.2,0.61408985,285.074650859246
"Spain","ESP",2016,46458139,37612.7188681342,35.8,0.6070987,282.046757913193
"Spain","ESP",2017,46571232,39825.2498116292,34.7,0.698431,325.26792136992
"Spain","ESP",2018,46782011,41015.1565755187,34.7,0.58850193,275.313037627812
"Spain","ESP",2019,47118501,44042.757577336,34.3,0.619887,292.08146229387
"Spain","ESP",2020,47359424,39327.8479269599,34.9,0.61449856,291.022978504294
"Spain","ESP",2021,47443821,44251.6658222621,33.9,0.59791297,283.672759222584
"Spain","ESP",2022,47786102,51482.523634807,33.6,0.63826156,305.000320088391
"Spain","ESP",2023,48352528,55661.317481747,33.4,0.6535334,315.999920224352
"Sweden","SWE",2000,8872109,29636.0533379047,27,1.0256648,90.998099030632
"Sweden","SWE",2001,8895960,29945.8508575628,26.5,0.96671283,85.998386671668
"Sweden","SWE",2002,8924958,30987.1008568293,26.2,1.154067,102.99999504186
"Sweden","SWE",2003,8958229,31787.3765638123,25.3,0.9153595,82.000000183255
"Sweden","SWE",2004,8993531,33804.7015981309,26.1,1.1119103,99.999997522693
"Sweden","SWE",2005,9029572,34198.2228928173,26.8,0.93027663,83.9999981050236
"Sweden","SWE",2006,9080505,37671.4935238976,26.4,0.8699957,79.000003038285
"Sweden","SWE",2007,9148092,40812.608451608,27.1,1.180574,107.99999564808
"Sweden","SWE",2008,9219637,41906.5013377768,28.1,0.7700953,70.999991214061
"Sweden","SWE",2009,9298515,40093.8358794687,27.3,0.93563324,86.999997166386
"Sweden","SWE",2010,9378126,41951.2525597117,27.7,0.9383538,88.000001689788
"Sweden","SWE",2011,9449213,44332.3063486431,27.6,0.75138533,71.0000002824529
"Sweden","SWE",2012,9519374,45206.780102677,27.6,0.65130323,61.9999903377802
"Sweden","SWE",2013,9600379,46098.0140634307,28.8,0.8333005,80.000006208895
"Sweden","SWE",2014,9696110,46841.2010746944,28.4,0.8147598,79.00000644378
"Sweden","SWE",2015,9799186,48762.7456496975,29.2,1.0107147,99.041813382342
"Sweden","SWE",2016,9923085,50176.3328538836,29.6,0.8767435,87.000002736975
"Sweden","SWE",2017,10057698,51386.5907915775,28.8,1.0738044,108.000003662712
"Sweden","SWE",2018,10175214,52962.1832555021,30,1.0024359,101.999998037826
"Sweden","SWE",2019,10278887,56909.753155728,29.3,1.0506974,107.999998457938
"Sweden","SWE",2020,10353442,57396.2588780383,28.9,1.2363038,127.999996876796
"Sweden","SWE",2021,10415811,62190.8526983825,29.8,0.93127656,97.0000063769016
"Sweden","SWE",2022,10486941,66517.6358713011,31.6,1.1061376,115.999997490816
"Sweden","SWE",2023,10536632,68457.9015289277,29.3,1.0819397,114.000004650904
"United Kingdom","GBR",2000,58892514,26632.0974155252,38.9,0.8860378,521.809935410292
"United Kingdom","GBR",2001,59119673,28019.8826980002,37.1,0.40134904,237.276240036639
"United Kingdom","GBR",2002,59370479,29167.3527717844,35.1,0.45344594,269.213026584053
"United Kingdom","GBR",2003,59647577,30414.0991932703,34.9,0.46509784,277.419592239337
"United Kingdom","GBR",2004,59987905,32160.3776803379,34.8,0.48123643,288.683652453792
"United Kingdom","GBR",2005,60401206,32831.4184106349,35.5,0.419998,253.68385717588
"United Kingdom","GBR",2006,60846820,34869.9759075432,35.9,0.43243352,263.122045534064
"United Kingdom","GBR",2007,61322463,35685.103775701,34.4,0.39196163,240.360525530947
"United Kingdom","GBR",2008,61806995,36943.4797790457,35.4,0.3453716,213.46380754342
"United Kingdom","GBR",2009,62276270,35281.4337962093,35.1,0.31233838,194.512692842426
"United Kingdom","GBR",2010,62766365,36648.8219451957,33.7,0.2939194,184.48252340981
"United Kingdom","GBR",2011,63258810,37389.0527405588,33.2,0.30563048,193.338204645288
"United Kingdom","GBR",2012,63711000,38515.4032867327,33.1,0.23702995,151.0141514445
"United Kingdom","GBR",2013,64138000,40121.0839005273,32.7,0.22930895,147.074174351
"United Kingdom","GBR",2014,64619000,41545.5712797638,33.1,0.2058927,133.045803813
"United Kingdom","GBR",2015,65087000,42772.4983791214,33.3,0.19044684,123.9561347508
"United Kingdom","GBR",2016,65606000,44376.0697257123,33.1,0.17974637,117.9244035022
"United Kingdom","GBR",2017,65964000,46440.8214149807,32.6,0.4921243,324.624873252
"United Kingdom","GBR",2018,66287000,47636.0128366551,33.7,0.5716153,378.906633911
"United Kingdom","GBR",2019,66628000,50493.9441896153,32.8,0.4596028,306.224153584
"United Kingdom","GBR",2020,66740000,48719.8339897935,32.7,0.3085935,205.9553019
"United Kingdom","GBR",2021,66978000,51840.4424245515,32.4,0.37825966,253.3507550748
"United Kingdom","GBR",2022,67636000,60266.7467325014,NA,NA,NA
"United Kingdom","GBR",2023,68526000,60786.7193353069,NA,NA,NA
"United States","USA",2000,282162411,36329.9702595751,40.1,5.9572477,16809.113739562
"United States","USA",2001,284968955,37133.6203973517,40.6,7.130696,20320.2698754268
"United States","USA",2002,287625193,37997.7424300242,40.4,6.116475,17592.5230235467
"United States","USA",2003,290107933,39490.3023903176,40.8,6.0974355,17689.1440950582
"United States","USA",2004,292805298,41724.6411982614,40.5,5.9106693,17306.7528576595
"United States","USA",2005,295516599,44123.3996470026,41.3,6.1144953,18069.3485565748
"United States","USA",2006,298379912,46301.9876485519,41.7,6.203772,18510.8094342806
"United States","USA",2007,301231207,48050.227412195,41.1,6.090592,18346.7637950454
"United States","USA",2008,304093966,48570.0594269601,41.1,5.873747,17861.710205106
"United States","USA",2009,306771529,47194.9500893872,40.9,5.52288,16942.6234208352
"United States","USA",2010,309378227,48642.6312088213,40.2,5.300774,16399.440618477
"United States","USA",2011,311839461,50024.8812320773,41.2,5.211435,16251.3108143653
"United States","USA",2012,314339099,51708.3940614082,41.2,5.313907,16703.6873854979
"United States","USA",2013,316726282,53297.3862901595,40.9,5.094176,16134.5942433363
"United States","USA",2014,319257560,55153.3940182967,41.7,4.9608784,15837.979334407
"United States","USA",2015,321815121,56849.4697923159,41.5,5.5435348,17839.9332242971
"United States","USA",2016,324353340,57976.628204291,41.3,5.9941306,19442.162805062
"United States","USA",2017,326608609,60047.7190728307,41.4,6.0008965,19599.4445861797
"United States","USA",2018,328529577,62875.6661382728,41.8,5.7567153,18912.5124241843
"United States","USA",2019,330226227,65227.9565911038,41.9,5.8167853,19208.5506288806
"United States","USA",2020,331578104,64465.2971415748,40,7.424714,24618.7259086226
"United States","USA",2021,332100166,71441.231980595,39.7,7.8191113,25967.2816070248
"United States","USA",2022,333996304,78008.6895811877,41.7,7.421926,24788.958525615
"United States","USA",2023,336755052,82586.7847707891,41.8,NA,NA
